Cohort	cov_sex	genotype	age_mean	age_sd	eGFR_mean	eGFR_sd	SUA_mean	SUA_sd	BMI_mean	BMI_sd	SBP_mean	SBP_sd	DBP_mean	DBP_sd	TG_mean	TG_sd	TChol_mean	TChol_sd	ht_mean	ht_sd	ahtd_mean	ahtd_sd	count_mean
J-MICC Study	overall	GG	54.99180983	9.266524565	78.91447728	15.05940144	5.233140232	1.371922745	23.0367266	3.314060351	128.5053401	20.31393714	78.45394695	12.30873674	147.0063923	1414.769691	211.2319065	34.44732049	0.352676788	0.477827035	0.172093488	0.413835603	10012
J-MICC Study	overall	GA	54.99092971	9.038800669	80.05224654	15.78925212	3.448979592	0.970288196	22.89329759	2.967821202	127.4321319	20.25370582	78.04127898	12.29558219	124.462585	83.61858255	210.45865	33.26642137	0.344671202	0.475800706	0.160997732	0.367946269	441
J-MICC Study	male	GG	55.33303926	9.283403573	76.50092816	14.54812158	6.130370534	1.225933823	23.8381124	3.132426111	132.1886352	19.405619	81.82537369	11.83647723	171.8850904	1487.30391	205.331059	32.37467659	0.419717689	0.493567098	0.197617997	0.398246286	4534
J-MICC Study	male	GA	54.57920792	8.635007043	79.13142831	15.81312244	3.922772277	0.95483907	23.73960354	2.973213301	131.0965347	18.89192457	81.62623762	12.05801295	145.990099	95.2562394	207.6334084	33.08766847	0.405940594	0.492293199	0.202970297	0.403209869	202
J-MICC Study	female	GG	54.70938299	9.24385458	80.91210993	15.18361233	4.490525739	0.989146716	22.37344014	3.313972826	125.4567713	20.54421529	75.66350357	11.99052229	126.4149325	1351.585637	216.1158866	35.33806863	0.297188755	0.457062068	0.150967506	0.425186138	5478
J-MICC Study	female	GA	55.33891213	9.37042283	80.83051133	15.7601709	3.048535565	0.786752146	22.17800972	2.774208736	124.3350216	20.87887649	75.01131393	11.68655502	106.2677824	67.3617745	212.8465112	33.2989667	0.292887029	0.456042107	0.125523013	0.332006313	239
